StepCount,Reward
10000,-1.90003
20000,-5.89932
30000,-9.90110
40000,-13.90514
50000,-12.90664
60000,-11.91068
70000,-9.91473
80000,-12.91877
90000,-12.92281
100000,-14.92686
110000,-16.92887
120000,-16.92387
130000,-10.92205
140000,-13.92609
150000,-4.92641
160000,-5.92661
170000,-10.92887
180000,-3.93132
190000,-2.93067
200000,-2.93023
210000,-5.92958
220000,-10.93133
230000,-12.93538
240000,-13.93942
250000,-16.93905
260000,-15.94026
270000,-18.93543
280000,-20.92994
290000,-22.92444
300000,-20.91895
310000,-26.91346
320000,-21.90796
330000,-21.90247
340000,-18.89698
350000,-18.89163
360000,-20.88614
370000,-22.88065
380000,-24.87515
390000,-27.86966
400000,-30.86417
410000,-32.85868
420000,-37.85318
430000,-40.84769
440000,-43.84220
450000,-43.83670
460000,-41.83121
470000,-42.82572
480000,-47.82022
490000,-44.81473
500000,-42.80924
510000,-42.80375
520000,-41.79825
530000,-42.79276
540000,-39.78727
550000,-42.78177
560000,-44.77628
570000,-45.77079
580000,-40.76529
590000,-44.75980
600000,-46.75431
610000,-50.74881
620000,-51.74332
630000,-43.73783
640000,-44.73233
650000,-46.72684
660000,-47.72135
670000,-47.71585
680000,-47.71036
690000,-46.70487
700000,-50.69938
710000,-43.69388
720000,-43.68839
730000,-40.68290
740000,-38.67740
750000,-40.67191
760000,-43.66642
770000,-44.66092
780000,-45.65543
790000,-45.64994
800000,-45.64444
810000,-47.63895
820000,-52.63346
830000,-46.62796
840000,-46.62247
850000,-46.61698
860000,-46.61148
870000,-48.60599
880000,-49.60050
890000,-49.59501
900000,-50.58951
910000,-50.58402
920000,-53.57853
930000,-53.57303
940000,-57.56754
950000,-61.56205
960000,-55.55655
970000,-55.55106
980000,-56.54557
990000,-51.54007
1000000,-48.53458
1010000,-49.52909
1020000,-51.52359
1030000,-50.51810
1040000,-46.51261
1050000,-44.50711
1060000,-41.50162
1070000,-44.49613
1080000,-45.49063
1090000,-39.48514
1100000,-41.47965
1110000,-42.47416
1120000,-46.46866
1130000,-50.46317
1140000,-46.45768
1150000,-47.45218
1160000,-38.44669
1170000,-40.44120
1180000,-43.43570
1190000,-45.43021
1200000,-50.42472
1210000,-46.41922
1220000,-44.41373
1230000,-43.40824
1240000,-47.40274
1250000,-52.39725
1260000,-53.39176
1270000,-58.38626
1280000,-57.38077
1290000,-56.37528
1300000,-53.36979
1310000,-54.36429
1320000,-56.35880
1330000,-60.35331
1340000,-63.34782
1350000,-60.34232
1360000,-61.33683
1370000,-65.33134
1380000,-65.32584
1390000,-65.32035
1400000,-69.31486
1410000,-72.30936
1420000,-73.30387
1430000,-75.29838
1440000,-77.29288
1450000,-81.28739
1460000,-84.28190
1470000,-83.27641
1480000,-81.27091
1490000,-80.26542
1500000,-79.25993
1510000,-80.25443
1520000,-84.24894
1530000,-80.24345
1540000,-81.23795
1550000,-83.23246
1560000,-80.22697
1570000,-79.22147
1580000,-82.21598
1590000,-81.21049
1600000,-79.20499
1610000,-71.19950
1620000,-72.19401
1630000,-72.18851
1640000,-74.18302
1650000,-74.17753
1660000,-78.17204
1670000,-72.16654
1680000,-75.16105
1690000,-80.15556
1700000,-82.15006
1710000,-86.14457
1720000,-87.13908
1730000,-90.13358
1740000,-91.12809
1750000,-91.12260
1760000,-87.11710
1770000,-91.11161
1780000,-96.10612
1790000,-101.10060
1800000,-103.09510
1810000,-108.08960
1820000,-112.08410
1830000,-108.07870
1840000,-107.07320
1850000,-108.06770
1860000,-107.06220
1870000,-110.05670
1880000,-112.05120
1890000,-114.04570
1900000,-112.04020
1910000,-113.03470
1920000,-114.02920
1930000,-115.02370
1940000,-118.01820
1950000,-117.01270
1960000,-119.00720
1970000,-119.00170
1980000,-117.99630
1990000,-116.99080
2000000,-118.98530
2010000,-113.97980
2020000,-112.97430
2030000,-113.96880
2040000,-118.96330
2050000,-122.95780
2060000,-126.95230
2070000,-126.95830
2080000,-124.95280
2090000,-127.95090
2100000,-129.01480
2110000,-130.07900
2120000,-134.14980
2130000,-133.22060
2140000,-133.29140
2150000,-134.36220
2160000,-136.43300
2170000,-132.50380
2180000,-134.57460
2190000,-138.64540
2200000,-142.71620
2210000,-144.78700
2220000,-141.85780
2230000,-142.92860
2240000,-146.99940
2250000,-143.07020
2260000,-142.14100
2270000,-135.21180
2280000,-128.26630
2290000,-127.29400
2300000,-126.28910
2310000,-124.28360
2320000,-127.27870
2330000,-126.29980
2340000,-128.29660
2350000,-128.35820
2360000,-130.41280
2370000,-129.48360
2380000,-131.55440
2390000,-131.62520
2400000,-134.69600
2410000,-135.76680
2420000,-133.83760
2430000,-134.90840
2440000,-128.97920
2450000,-131.05000
2460000,-133.12080
2470000,-126.17270
2480000,-126.16850
2490000,-127.16300
2500000,-130.20980
2510000,-132.28060
2520000,-133.35140
2530000,-128.40640
2540000,-126.45640
2550000,-125.45090
2560000,-125.45640
2570000,-130.48990
2580000,-133.55880
2590000,-136.62960
2600000,-138.70040
2610000,-138.77120
2620000,-138.84200
2630000,-143.91280
2640000,-145.98360
2650000,-148.05440
2660000,-146.12520
2670000,-147.19600
2680000,-150.26680
2690000,-147.33760
2700000,-152.40840
2710000,-155.47920
2720000,-156.55000
2730000,-151.62080
2740000,-143.69160
2750000,-143.76240
2760000,-148.83320
2770000,-148.90400
2780000,-153.97480
2790000,-155.04560
2800000,-153.11640
2810000,-151.18720
2820000,-156.25800
2830000,-154.32880
2840000,-157.39960
2850000,-161.47040
2860000,-161.54120
2870000,-160.61200
2880000,-158.68280
2890000,-160.75360
2900000,-154.82440
2910000,-155.89520
2920000,-155.96600
2930000,-154.03680
2940000,-156.10760
2950000,-159.17840
2960000,-162.24920
2970000,-162.32000
2980000,-164.39080
2990000,-163.46160
3000000,-164.53240
3010000,-167.60320
3020000,-169.67400
3030000,-172.74480
3040000,-172.81560
3050000,-172.88640
3060000,-174.95720
3070000,-177.02800
3080000,-166.09880
3090000,-166.16960
3100000,-168.24040
3110000,-168.31120
3120000,-169.38200
3130000,-161.45280
3140000,-160.52360
3150000,-165.59440
3160000,-171.66520
3170000,-174.73600
3180000,-176.80680
3190000,-176.87760
3200000,-180.94840
3210000,-184.01920
3220000,-182.09000
3230000,-185.16080
3240000,-183.23160
3250000,-184.30240
3260000,-182.37320
3270000,-179.44400
3280000,-177.51480
3290000,-181.58560
3300000,-183.65640
3310000,-182.72720
3320000,-182.79800
3330000,-184.86880
3340000,-186.93960
3350000,-192.01040
3360000,-189.08120
3370000,-188.15200
3380000,-191.22280
3390000,-189.29360
3400000,-191.36440
3410000,-184.43520
3420000,-187.50600
3430000,-184.57680
3440000,-187.64760
3450000,-191.71840
3460000,-189.78920
3470000,-191.86000
3480000,-191.93080
3490000,-191.00160
3500000,-189.07240
3510000,-194.14320
3520000,-197.21400
3530000,-197.28480
3540000,-199.35560
3550000,-197.42640
3560000,-191.49720
3570000,-196.56800
3580000,-195.63880
3590000,-193.70960
3600000,-187.78040
3610000,-188.85120
3620000,-192.92200
3630000,-194.99280
3640000,-197.06360
3650000,-202.13440
3660000,-201.20520
3670000,-203.27600
3680000,-199.34680
3690000,-202.41760
3700000,-204.48840
3710000,-204.55920
3720000,-204.63010
3730000,-202.70090
3740000,-201.77170
3750000,-203.84250
3760000,-206.91330
3770000,-207.98410
3780000,-206.05490
3790000,-205.12570
3800000,-205.19650
3810000,-207.26730
3820000,-212.33810
3830000,-217.40890
3840000,-220.47970
3850000,-218.55050
3860000,-223.62130
3870000,-225.69210
3880000,-224.76290
3890000,-227.83370
3900000,-228.90450
3910000,-227.97530
3920000,-230.04610
3930000,-229.11690
3940000,-228.18770
3950000,-229.25850
3960000,-230.32930
3970000,-235.40010
3980000,-236.47090
3990000,-238.54170
4000000,-240.61250
4010000,-243.68330
4020000,-244.75410
4030000,-244.82490
4040000,-246.89570
4050000,-248.96650
4060000,-248.03730
4070000,-252.10810
4080000,-253.17890
4090000,-251.24970
4100000,-254.32050
4110000,-258.39130
4120000,-251.46210
4130000,-254.53290
4140000,-259.60370
4150000,-261.67450
4160000,-262.74530
4170000,-260.81610
4180000,-261.88690
4190000,-261.95770
4200000,-266.02850
4210000,-267.09930
4220000,-272.17010
4230000,-277.24090
4240000,-276.31170
4250000,-274.38250
4260000,-276.45330
4270000,-281.52410
4280000,-282.59490
4290000,-281.66570
4300000,-283.73650
4310000,-286.80730
4320000,-288.87810
4330000,-282.94890
4340000,-288.01970
4350000,-284.09050
4360000,-277.16130
4370000,-278.23210
4380000,-277.30290
4390000,-273.37370
4400000,-272.44450
4410000,-272.51530
4420000,-273.58610
4430000,-269.65690
4440000,-273.72770
4450000,-273.79850
4460000,-270.86930
4470000,-267.94010
4480000,-273.01090
4490000,-277.08170
4500000,-276.15250
4510000,-278.22330
4520000,-280.29410
4530000,-283.36490
4540000,-285.43570
4550000,-288.50650
4560000,-289.57730
4570000,-287.64810
4580000,-292.71890
4590000,-292.78970
4600000,-294.86050
4610000,-292.93130
4620000,-298.00210
4630000,-297.07290
4640000,-300.14370
4650000,-304.21450
4660000,-304.28530
4670000,-309.35610
4680000,-312.42690
4690000,-317.49770
4700000,-319.56850
4710000,-316.63930
4720000,-320.71010
4730000,-323.78090
4740000,-323.85170
4750000,-324.92250
4760000,-325.99330
4770000,-327.06410
4780000,-330.13490
4790000,-328.20570
4800000,-324.27650
4810000,-318.34730
4820000,-320.41810
4830000,-319.48890
4840000,-321.55970
4850000,-324.63050
4860000,-323.70130
4870000,-320.77210
4880000,-319.84290
4890000,-317.91370
4900000,-316.98450
4910000,-322.05530
4920000,-326.12610
4930000,-323.19690
4940000,-316.26770
4950000,-316.33850
4960000,-320.40930
4970000,-322.48010
4980000,-319.55090
4990000,-320.62170
5000000,-325.69250
5010000,-329.76330
5020000,-330.83410
5030000,-330.90490
5040000,-336.97570
5050000,-333.04650
5060000,-328.11730
5070000,-329.18810
5080000,-327.25890
5090000,-328.32970
5100000,-330.40050
5110000,-325.47130
5120000,-329.54210
5130000,-330.61290
5140000,-331.68370
5150000,-330.75450
5160000,-329.82530
5170000,-331.89610
5180000,-334.96690
5190000,-330.03780
5200000,-332.10860
5210000,-335.17940
5220000,-330.25020
5230000,-332.32100
5240000,-328.39180
5250000,-333.46260
5260000,-334.53340
5270000,-335.60420
5280000,-338.67500
5290000,-337.74580
5300000,-334.81660
5310000,-335.88740
5320000,-336.95820
5330000,-333.02900
5340000,-334.09980
5350000,-331.17060
5360000,-332.24140
5370000,-334.31220
5380000,-335.38300
5390000,-329.45380
5400000,-329.52460
5410000,-332.59540
5420000,-333.66620
5430000,-338.73700
5440000,-339.80780
5450000,-341.87860
5460000,-341.94940
5470000,-340.02020
5480000,-337.09100
5490000,-340.16180
5500000,-339.23260
5510000,-340.30340
5520000,-340.37420
5530000,-337.44500
5540000,-340.51580
5550000,-337.58660
5560000,-340.65740
5570000,-344.72820
5580000,-344.79900
5590000,-347.86980
5600000,-349.94060
5610000,-351.01140
5620000,-352.08220
5630000,-353.15300
5640000,-355.22380
5650000,-356.29460
5660000,-360.36540
5670000,-362.43620
5680000,-363.50700
5690000,-363.57780
5700000,-365.64860
5710000,-366.71940
5720000,-363.79020
5730000,-366.86100
5740000,-360.93180
5750000,-367.00260
5760000,-367.07340
5770000,-366.14420
5780000,-366.21500
5790000,-363.28580
5800000,-367.35660
5810000,-368.42740
5820000,-368.49820
5830000,-365.56900
5840000,-360.63980
5850000,-356.71060
5860000,-356.78140
5870000,-356.85220
5880000,-361.92300
5890000,-363.99380
5900000,-368.06460
5910000,-371.13540
5920000,-373.20620
5930000,-369.27700
5940000,-367.34780
5950000,-368.41860
5960000,-367.48940
5970000,-369.56020
5980000,-372.63100
5990000,-367.70180
6000000,-366.77260
6010000,-368.84340
6020000,-371.91420
6030000,-372.98500
6040000,-368.05580
6050000,-366.12660
6060000,-367.19740
6070000,-367.26820
6080000,-368.33900
6090000,-371.40980
6100000,-375.48060
6110000,-380.55140
6120000,-382.62220
6130000,-381.69300
6140000,-383.76380
6150000,-384.83460
6160000,-380.90540
6170000,-378.97620
6180000,-376.04700
6190000,-379.11780
6200000,-377.18860
6210000,-379.25940
6220000,-381.33020
6230000,-384.40100
6240000,-377.47180
6250000,-379.54260
6260000,-379.61340
6270000,-380.68420
6280000,-382.75500
6290000,-387.82580
6300000,-389.89660
6310000,-388.96740
6320000,-394.03820
6330000,-391.10900
6340000,-393.17980
6350000,-390.25060
6360000,-390.32140
6370000,-386.39220
6380000,-385.46300
6390000,-385.53380
6400000,-385.60460
6410000,-389.67540
6420000,-389.74620
6430000,-392.81700
6440000,-392.88780
6450000,-388.95860
6460000,-391.02940
6470000,-391.10030
6480000,-391.17110
6490000,-398.24190
6500000,-400.31270
6510000,-399.38350
6520000,-397.45430
6530000,-397.52510
6540000,-400.59590
6550000,-398.66670
6560000,-396.73750
6570000,-397.80830
6580000,-398.87910
6590000,-402.94990
6600000,-401.02070
6610000,-404.09150
6620000,-408.16230
6630000,-408.23310
6640000,-404.30390
6650000,-406.37470
6660000,-408.44550
6670000,-408.51630
6680000,-411.58710
6690000,-410.65790
6700000,-409.72870
6710000,-414.79950
6720000,-415.87030
6730000,-418.94110
6740000,-420.01190
6750000,-422.08270
6760000,-426.15350
6770000,-427.22430
6780000,-429.29510
6790000,-431.36590
6800000,-432.43670
6810000,-435.50750
6820000,-439.57830
6830000,-439.64910
6840000,-439.71990
6850000,-440.79070
6860000,-444.86150
6870000,-446.93230
6880000,-445.00310
6890000,-443.07390
6900000,-447.14470
6910000,-449.21550
6920000,-450.28630
6930000,-453.35710
6940000,-454.42790
6950000,-458.49870
6960000,-455.56950
6970000,-454.64030
6980000,-450.71110
6990000,-446.78190
7000000,-448.85270
7010000,-448.92350
7020000,-447.99430
7030000,-442.06510
7040000,-444.13590
7050000,-443.20670
7060000,-447.27750
7070000,-449.34830
7080000,-451.41910
7090000,-454.48990
7100000,-453.56070
7110000,-456.63150
7120000,-459.70230
7130000,-463.77310
7140000,-466.84390
7150000,-467.91470
7160000,-470.98550
7170000,-473.05630
7180000,-479.12710
7190000,-484.19790
7200000,-481.26870
7210000,-485.33950
7220000,-486.41030
7230000,-491.48110
7240000,-495.55190
7250000,-492.62270
7260000,-491.69350
7270000,-493.76430
7280000,-486.83510
7290000,-490.90590
7300000,-487.97670
7310000,-485.04750
7320000,-483.11830
7330000,-487.18910
7340000,-486.25990
7350000,-484.33070
7360000,-482.40150
7370000,-483.47230
7380000,-482.54310
7390000,-482.61390
7400000,-485.68470
7410000,-487.75550
7420000,-489.82630
7430000,-490.89710
7440000,-494.96790
7450000,-497.03870
7460000,-500.10950
7470000,-503.18030
7480000,-506.25110
7490000,-509.32190
7500000,-507.39270
7510000,-503.46350
7520000,-508.53430
7530000,-507.60510
7540000,-507.67590
7550000,-509.74670
7560000,-514.61100
7570000,-518.37660
7580000,-522.14220
7590000,-519.90780
7600000,-521.67350
7610000,-520.43910
7620000,-518.20470
7630000,-522.97030
7640000,-524.73600
7650000,-523.50160
7660000,-526.26720
7670000,-528.03280
7680000,-519.79850
7690000,-521.56410
7700000,-513.35240
7710000,-515.15510
7720000,-509.15360
7730000,-512.21760
7740000,-513.98440
7750000,-515.75010
7760000,-517.51570
7770000,-517.28130
7780000,-517.04690
7790000,-512.81770
7800000,-517.58340
7810000,-517.34900
7820000,-518.11460
7830000,-518.88020
7840000,-522.64590
7850000,-521.41150
7860000,-519.17710
7870000,-517.94270
7880000,-518.70840
7890000,-518.47400
7900000,-518.23960
7910000,-515.00520
7920000,-516.77090
7930000,-516.53650
7940000,-519.30210
7950000,-519.06770
7960000,-515.83340
7970000,-520.59900
7980000,-523.36460
7990000,-525.13020
8000000,-527.89590
8010000,-527.66150
8020000,-529.42710
8030000,-532.19270
8040000,-534.95840
8050000,-538.72400
8060000,-542.48960
8070000,-541.25520
8080000,-542.02090
8090000,-539.78650
8100000,-543.55210
8110000,-548.31770
8120000,-549.08340
8130000,-548.84900
8140000,-549.61460
8150000,-552.38020
8160000,-553.14590
8170000,-552.91150
8180000,-551.67710
8190000,-556.44270
8200000,-551.20840
8210000,-551.97400
8220000,-551.73960
8230000,-556.50520
8240000,-561.27090
8250000,-565.03650
8260000,-564.80210
8270000,-569.56770
8280000,-573.33340
8290000,-575.09900
8300000,-571.86460
8310000,-571.63020
8320000,-576.39590
8330000,-578.16150
8340000,-580.92710
8350000,-576.69270
8360000,-577.45840
8370000,-580.22400
8380000,-580.98960
8390000,-584.75520
8400000,-579.52090
8410000,-579.28650
8420000,-579.05210
8430000,-579.81770
8440000,-578.58340
8450000,-581.34900
8460000,-578.11460
8470000,-579.88020
8480000,-576.64590
8490000,-576.41150
8500000,-577.17710
8510000,-580.94270
8520000,-573.70840
8530000,-573.47400
8540000,-575.23960
8550000,-578.00520
8560000,-574.77090
8570000,-574.53650
8580000,-572.30210
8590000,-570.06770
8600000,-567.83340
8610000,-572.59900
8620000,-572.36460
8630000,-571.13020
8640000,-572.89590
8650000,-574.66150
8660000,-577.42710
8670000,-578.19270
8680000,-576.95840
8690000,-578.72400
8700000,-579.48960
8710000,-578.25520
8720000,-575.02090
8730000,-576.78650
8740000,-581.55210
8750000,-580.31770
8760000,-579.08340
8770000,-580.84900
8780000,-580.61460
8790000,-583.38020
8800000,-588.14590
8810000,-589.91150
8820000,-592.67710
8830000,-596.44270
8840000,-594.20840
8850000,-593.97400
8860000,-596.73960
8870000,-594.50520
8880000,-596.27090
8890000,-600.03650
8900000,-602.80210
8910000,-607.56770
8920000,-610.33340
8930000,-613.09900
8940000,-613.86460
8950000,-618.63020
8960000,-620.39590
8970000,-620.16150
8980000,-623.92710
8990000,-622.69270
9000000,-619.45840
9010000,-623.22400
9020000,-625.98960
9030000,-628.75520
9040000,-631.52090
9050000,-631.28650
9060000,-634.05210
9070000,-635.81770
9080000,-638.58340
9090000,-640.34900
9100000,-645.11460
9110000,-643.88020
9120000,-642.64590
9130000,-637.41150
9140000,-637.17710
9150000,-638.94270
9160000,-640.70840
9170000,-645.47400
9180000,-643.23960
9190000,-648.00520
9200000,-646.77090
9210000,-647.53650
9220000,-649.30210
9230000,-652.06770
9240000,-652.83340
9250000,-651.59900
9260000,-649.36460
9270000,-643.13020
9280000,-644.89590
9290000,-646.66150
9300000,-648.42710
9310000,-652.19270
9320000,-649.95840
9330000,-648.72400
9340000,-649.48960
9350000,-647.25520
9360000,-647.02090
9370000,-646.78650
9380000,-645.55210
9390000,-643.31770
9400000,-642.08340
9410000,-643.84900
9420000,-644.61460
9430000,-647.38020
9440000,-647.14590
9450000,-647.91150
9460000,-651.67710
9470000,-653.44270
9480000,-656.20840
9490000,-660.97400
9500000,-661.73960
9510000,-663.50520
9520000,-662.27090
9530000,-663.03650
9540000,-661.80210
9550000,-661.56770
9560000,-667.33340
9570000,-670.09900
9580000,-669.86460
9590000,-671.63020
9600000,-670.39590
9610000,-670.16150
9620000,-670.92710
9630000,-671.69270
9640000,-676.45840
9650000,-671.22400
9660000,-672.98960
9670000,-672.75520
9680000,-669.52090
9690000,-667.28650
9700000,-669.05210
9710000,-670.81770
9720000,-673.58340
9730000,-673.34900
9740000,-677.11460
9750000,-682.88020
9760000,-676.64590
9770000,-679.41150
9780000,-685.17710
9790000,-683.94270
9800000,-687.70840
9810000,-687.47400
9820000,-690.23960
9830000,-695.00520
9840000,-693.77090
9850000,-697.53650
9860000,-694.30210
9870000,-695.06770
9880000,-697.83340
9890000,-698.59900
9900000,-703.36460
9910000,-704.13020
9920000,-703.89590
9930000,-709.66150
9940000,-709.42710
9950000,-708.19270
9960000,-709.95840
9970000,-714.72400
9980000,-713.48960
9990000,-716.25520
10000000,-714.02090
10010000,-715.78650
10020000,-718.55210
10030000,-710.31770
10040000,-713.08340
10050000,-715.84900
10060000,-718.61460
10070000,-722.38020
10080000,-720.14590
10090000,-719.91150
10100000,-720.67710
10110000,-718.44270
10120000,-717.20840
10130000,-715.97400
10140000,-718.73960
10150000,-718.50520
10160000,-720.27090
10170000,-723.03650
10180000,-720.80210
10190000,-719.56770
10200000,-717.33340
10210000,-715.09900
10220000,-715.86460
10230000,-719.63020
10240000,-724.39590
10250000,-726.16150
10260000,-723.92710
10270000,-725.69270
10280000,-724.45840
10290000,-726.22400
10300000,-729.98960
10310000,-725.75520
10320000,-721.52090
10330000,-723.28650
10340000,-727.05210
10350000,-729.81770
10360000,-732.58340
10370000,-733.34900
10380000,-734.11460
10390000,-731.88020
10400000,-735.64590
10410000,-734.41150
10420000,-737.17710
10430000,-738.94270
10440000,-739.70840
10450000,-736.47400
10460000,-737.23960
10470000,-736.00520
10480000,-736.77090
10490000,-738.53650
10500000,-741.30210
10510000,-742.06770
10520000,-738.83340
10530000,-741.59900
10540000,-743.36460
10550000,-747.13020
10560000,-750.89590
10570000,-752.66150
10580000,-754.42710
10590000,-755.19270
10600000,-755.95840
10610000,-757.72400
10620000,-757.48960
10630000,-761.25520
10640000,-761.02090
10650000,-758.78650
10660000,-758.55210
10670000,-757.31770
10680000,-752.08340
10690000,-754.84900
10700000,-757.61460
10710000,-750.38020
10720000,-752.14590
10730000,-753.91150
10740000,-757.67710
10750000,-761.44270
10760000,-759.20840
10770000,-759.97400
10780000,-759.73960
10790000,-757.50520
10800000,-757.27090
10810000,-756.03650
10820000,-754.80210
10830000,-755.56770
10840000,-758.33340
10850000,-762.09900
10860000,-765.86460
10870000,-767.63020
10880000,-769.39590
10890000,-769.16150
10900000,-766.92710
10910000,-768.69270
10920000,-770.45840
10930000,-773.22400
10940000,-772.98960
10950000,-772.75520
10960000,-776.52090
10970000,-776.28650
10980000,-781.05210
10990000,-783.81770
11000000,-788.58340
11010000,-791.34900
11020000,-794.11460
11030000,-794.88020
11040000,-799.64590
11050000,-802.41150
11060000,-804.17710
11070000,-805.94270
11080000,-808.70840
11090000,-812.47400
11100000,-814.23960
11110000,-819.00520
11120000,-817.77090
11130000,-817.53650
11140000,-822.30210
11150000,-827.06770
11160000,-829.83340
11170000,-820.59900
11180000,-823.36460
11190000,-822.13020
11200000,-824.89590
11210000,-826.66150
11220000,-825.42710
11230000,-825.19270
11240000,-829.95840
11250000,-829.72400
11260000,-834.48960
11270000,-832.25520
11280000,-830.02090
11290000,-831.78650
11300000,-828.55210
11310000,-826.31770
11320000,-831.08340
11330000,-833.84900
11340000,-835.61460
11350000,-836.38020
11360000,-838.14590
11370000,-842.91150
11380000,-841.67710
11390000,-843.44270
11400000,-847.20840
11410000,-843.97400
11420000,-848.73960
11430000,-848.50520
11440000,-851.27090
11450000,-854.03650
11460000,-855.80210
11470000,-854.56770
11480000,-853.33340
11490000,-852.09900
11500000,-855.86460
11510000,-857.63020
11520000,-857.39590
11530000,-854.16150
11540000,-855.92710
11550000,-859.69270
11560000,-858.45840
11570000,-857.22400
11580000,-855.98960
11590000,-856.75520
11600000,-860.52090
11610000,-862.28650
11620000,-864.05210
11630000,-867.81770
11640000,-861.58340
11650000,-865.34900
11660000,-867.11460
11670000,-872.88020
11680000,-877.64590
11690000,-879.41150
11700000,-883.17710
11710000,-881.94270
11720000,-885.70840
11730000,-885.47400
11740000,-886.23960
11750000,-889.00520
11760000,-887.77090
11770000,-887.53650
11780000,-883.30210
11790000,-882.06770
11800000,-883.83340
11810000,-883.59900
11820000,-882.36460
11830000,-883.13020
11840000,-879.89590
11850000,-879.66150
11860000,-878.42710
11870000,-883.19270
11880000,-888.95840
11890000,-886.72400
11900000,-889.48960
11910000,-887.25520
11920000,-890.02090
11930000,-886.78650
11940000,-879.55210
11950000,-878.31770
11960000,-881.08340
11970000,-884.84900
11980000,-885.61460
11990000,-886.38020
12000000,-880.14590
12010000,-883.91150
12020000,-885.67710
12030000,-888.44270
12040000,-888.20840
12050000,-888.97400
12060000,-886.73960
12070000,-890.50520
12080000,-892.27090
12090000,-890.03650
12100000,-893.80210
12110000,-895.56770
12120000,-888.33340
12130000,-889.09900
12140000,-889.86460
12150000,-889.63020
12160000,-892.39590
12170000,-893.16150
12180000,-888.92710
12190000,-888.69270
12200000,-891.45840
12210000,-891.22400
12220000,-884.98960
12230000,-887.75520
12240000,-892.52090
12250000,-893.28650
12260000,-897.05210
12270000,-891.81770
12280000,-891.58340
12290000,-891.34900
12300000,-895.11460
12310000,-889.88020
12320000,-894.64590
12330000,-897.41150
12340000,-898.17710
12350000,-900.94270
12360000,-900.70840
12370000,-903.47400
12380000,-904.23960
12390000,-907.00520
12400000,-910.77090
12410000,-896.53650
12420000,-898.30210
12430000,-894.06770
12440000,-895.83340
12450000,-896.59900
12460000,-897.36460
12470000,-894.13020
12480000,-890.89590
12490000,-891.66150
12500000,-885.42710
12510000,-888.19270
12520000,-885.95840
12530000,-885.72400
12540000,-887.48960
12550000,-893.25520
12560000,-894.02090
12570000,-896.78650
12580000,-898.55210
12590000,-899.31770
12600000,-901.08340
12610000,-889.84900
12620000,-892.61460
12630000,-895.38020
12640000,-894.14590
12650000,-894.91150
12660000,-896.67710
12670000,-897.44270
12680000,-893.20840
12690000,-891.97400
12700000,-887.73960
12710000,-887.50520
12720000,-884.27090
12730000,-885.03650
12740000,-887.80210
12750000,-888.56770
12760000,-887.33340
12770000,-886.09900
12780000,-885.86460
12790000,-888.63020
12800000,-889.39590
12810000,-895.16150
12820000,-894.92710
12830000,-898.69270
12840000,-898.45840
12850000,-902.22400
12860000,-902.98960
12870000,-903.75520
12880000,-898.52090
12890000,-900.28650
12900000,-906.05210
12910000,-901.81770
12920000,-903.58340
12930000,-902.34900
12940000,-907.11460
12950000,-909.88020
12960000,-908.64590
12970000,-909.41150
12980000,-909.17710
12990000,-905.94270
13000000,-908.70840
13010000,-914.47400
13020000,-912.23960
13030000,-910.00520
13040000,-910.77090
13050000,-909.53650
13060000,-913.30210
13070000,-915.06770
13080000,-914.83340
13090000,-916.59900
13100000,-918.36460
13110000,-916.13020
13120000,-915.89590
13130000,-914.66150
13140000,-913.42710
13150000,-915.19270
13160000,-913.95840
13170000,-916.72400
13180000,-918.48960
13190000,-919.25520
13200000,-918.02090
13210000,-917.78650
13220000,-914.55210
13230000,-914.31770
13240000,-913.08340
13250000,-912.84900
13260000,-914.61460
13270000,-916.38020
13280000,-915.14590
13290000,-917.91150
13300000,-920.67710
13310000,-920.44270
13320000,-921.20840
13330000,-922.97400
13340000,-920.73960
13350000,-925.50520
13360000,-929.27090
13370000,-931.03650
13380000,-933.80210
13390000,-928.56770
13400000,-925.33340
13410000,-928.09900
13420000,-931.86460
13430000,-934.63020
13440000,-937.39590
13450000,-939.16150
13460000,-942.92710
13470000,-937.69270
13480000,-937.45840
13490000,-940.22400
13500000,-934.98960
13510000,-929.75520
13520000,-932.52090
13530000,-933.28650
13540000,-936.05210
13550000,-929.81770
13560000,-927.58340
13570000,-931.34900
13580000,-930.11460
13590000,-934.88020
13600000,-935.64590
13610000,-931.41150
13620000,-933.17710
13630000,-932.94270
13640000,-935.70840
13650000,-935.47400
13660000,-936.23960
13670000,-935.00520
13680000,-934.77090
13690000,-933.53650
13700000,-936.30210
13710000,-934.06770
13720000,-935.83340
13730000,-937.59900
13740000,-937.36460
13750000,-942.13020
13760000,-944.89590
13770000,-936.66150
13780000,-936.42710
13790000,-937.19270
13800000,-934.95840
13810000,-934.72400
13820000,-934.48960
13830000,-936.25520
13840000,-937.02090
13850000,-937.78650
13860000,-942.55210
13870000,-942.31770
13880000,-941.08340
13890000,-938.84900
13900000,-943.61460
13910000,-942.38020
13920000,-946.14590
13930000,-941.91150
13940000,-941.67710
13950000,-937.44270
13960000,-940.20840
13970000,-941.97400
13980000,-941.73960
13990000,-940.50520
14000000,-943.27090
14010000,-942.03650
14020000,-938.80210
14030000,-943.56770
14040000,-942.33340
14050000,-941.09900
14060000,-936.86460
14070000,-940.63020
14080000,-943.39590
14090000,-942.16150
14100000,-945.92710
14110000,-946.69270
14120000,-942.45840
14130000,-946.22400
14140000,-946.98960
14150000,-944.75520
14160000,-943.52090
14170000,-946.28650
14180000,-950.05210
14190000,-955.81770
14200000,-958.58340
14210000,-963.34900
14220000,-966.11460
14230000,-966.88020
14240000,-967.64590
14250000,-968.41150
14260000,-971.17710
14270000,-973.94270
14280000,-977.70840
14290000,-979.47400
14300000,-985.23960
14310000,-986.00520
14320000,-989.77090
14330000,-986.53650
14340000,-986.30210
14350000,-990.06770
14360000,-993.83340
14370000,-993.59900
14380000,-995.36460
14390000,-996.13020
14400000,-998.89590
14410000,-1002.66100
14420000,-999.42710
14430000,-994.19270
14440000,-992.95840
14450000,-996.72400
14460000,-998.48960
14470000,-1001.25500
14480000,-1006.02100
14490000,-1007.78600
14500000,-1005.55200
14510000,-1007.31800
14520000,-1004.08300
14530000,-1003.84900
14540000,-1002.61500
14550000,-999.38020
14560000,-999.14590
14570000,-994.91150
14580000,-999.67710
14590000,-999.44270
14600000,-1000.20800
14610000,-999.97400
14620000,-1002.74000
14630000,-1002.50500
14640000,-999.27090
14650000,-1000.03600
14660000,-999.80210
14670000,-999.56770
14680000,-1005.33300
14690000,-1008.09900
14700000,-1010.86500
14710000,-1007.63000
14720000,-1007.39600
14730000,-1009.16100
14740000,-1009.92700
14750000,-1009.69300
14760000,-1008.45800
14770000,-1013.22400
14780000,-1011.99000
14790000,-1011.75500
14800000,-1014.52100
14810000,-1009.28600
14820000,-1011.05200
14830000,-1009.81800
14840000,-1015.58300
14850000,-1012.34900
14860000,-1011.11500
14870000,-1011.88000
14880000,-1014.64600
14890000,-1017.41100
14900000,-1017.17700
14910000,-1018.94300
14920000,-1021.70800
14930000,-1023.47400
14940000,-1025.24000
14950000,-1026.00500
14960000,-1022.77100
14970000,-1022.53600
14980000,-1021.30200
14990000,-1019.06800
15000000,-1022.83300
15010000,-1025.59900
15020000,-1025.36500
15030000,-1026.13000
15040000,-1024.89600
15050000,-1028.66100
15060000,-1027.42700
15070000,-1024.19300
15080000,-1023.95800
15090000,-1023.72400
15100000,-1025.49000
15110000,-1026.25500
15120000,-1026.02100
15130000,-1030.78600
15140000,-1032.55200
15150000,-1032.31800
15160000,-1034.08300
15170000,-1036.84900
15180000,-1036.61500
15190000,-1037.38000
15200000,-1038.14600
15210000,-1039.91100
15220000,-1039.67700
15230000,-1039.44300
15240000,-1042.20800
15250000,-1044.97400
15260000,-1044.74000
15270000,-1048.50500
15280000,-1052.27100
15290000,-1055.03600
15300000,-1055.80200
15310000,-1054.56800
15320000,-1056.33300
15330000,-1058.09900
15340000,-1061.86500
15350000,-1067.63000
15360000,-1066.39600
15370000,-1069.16100
15380000,-1071.92700
15390000,-1076.69300
15400000,-1077.45800
15410000,-1083.22400
15420000,-1084.99000
15430000,-1084.75500
15440000,-1090.52100
15450000,-1089.28600
15460000,-1089.05200
15470000,-1089.81800
15480000,-1095.58300
15490000,-1096.34900
15500000,-1099.11500
15510000,-1099.88000
15520000,-1103.64600
15530000,-1106.41100
15540000,-1109.17700
15550000,-1109.94300
15560000,-1109.70800
15570000,-1114.47400
15580000,-1120.24000
15590000,-1124.00500
15600000,-1125.77100
15610000,-1127.53600
15620000,-1130.30200
15630000,-1134.06800
15640000,-1133.83300
15650000,-1136.59900
15660000,-1140.36500
15670000,-1139.13000
15680000,-1140.89600
15690000,-1138.66100
15700000,-1128.42700
15710000,-1128.19300
15720000,-1131.95800
15730000,-1133.72400
15740000,-1134.49000
15750000,-1136.25500
15760000,-1140.02100
15770000,-1143.78600
15780000,-1144.55200
15790000,-1144.31800
15800000,-1144.08300
15810000,-1137.84900
15820000,-1137.61500
15830000,-1141.38000
15840000,-1140.14600
15850000,-1140.91100
15860000,-1137.67700
15870000,-1132.44300
15880000,-1137.20800
15890000,-1135.97400
15900000,-1137.74000
15910000,-1141.50500
15920000,-1139.27100
15930000,-1142.03600
15940000,-1139.80200
15950000,-1142.56800
15960000,-1141.33300
15970000,-1135.09900
15980000,-1135.86500
15990000,-1137.63000
16000000,-1136.39600
16010000,-1134.16100
16020000,-1131.92700
16030000,-1130.69300
16040000,-1127.45800
16050000,-1126.22400
16060000,-1128.99000
16070000,-1130.75500
16080000,-1129.52100
16090000,-1129.28600
16100000,-1128.05200
16110000,-1127.81800
16120000,-1122.58300
16130000,-1125.34900
16140000,-1129.11500
16150000,-1127.88000
16160000,-1126.64600
16170000,-1124.41100
16180000,-1124.17700
16190000,-1128.94300
16200000,-1128.70800
16210000,-1128.47400
16220000,-1133.24000
16230000,-1134.00500
16240000,-1137.77100
16250000,-1141.53600
16260000,-1144.30200
16270000,-1151.06800
16280000,-1153.83300
16290000,-1155.59900
16300000,-1157.36500
16310000,-1150.13000
16320000,-1143.89600
16330000,-1146.66100
16340000,-1146.42700
16350000,-1142.19300
16360000,-1138.95800
16370000,-1137.72400
16380000,-1135.49000
16390000,-1126.25500
16400000,-1130.02100
16410000,-1128.78600
16420000,-1132.55200
16430000,-1134.31800
16440000,-1135.08300
16450000,-1129.84900
16460000,-1125.61500
16470000,-1126.38000
16480000,-1127.14600
16490000,-1129.91100
16500000,-1129.67700
16510000,-1135.44300
16520000,-1135.20800
16530000,-1133.97400
16540000,-1128.74000
16550000,-1133.50500
16560000,-1134.27100
16570000,-1132.03600
16580000,-1130.80200
16590000,-1123.56800
16600000,-1125.33300
16610000,-1121.09900
16620000,-1125.86500
16630000,-1130.63000
16640000,-1126.39600
16650000,-1130.16100
16660000,-1129.92700
16670000,-1133.69300
16680000,-1134.45800
16690000,-1134.22400
16700000,-1135.99000
16710000,-1136.75500
16720000,-1140.52100
16730000,-1138.28600
16740000,-1140.05200
16750000,-1142.81800
16760000,-1143.58300
16770000,-1146.34900
16780000,-1148.11500
16790000,-1152.88000
16800000,-1154.64600
16810000,-1157.41100
16820000,-1155.17700
16830000,-1156.94300
16840000,-1150.70800
16850000,-1153.47400
16860000,-1152.24000
16870000,-1148.00500
16880000,-1145.77100
16890000,-1148.53600
16900000,-1144.30200
16910000,-1149.06800
16920000,-1150.83300
16930000,-1145.59900
16940000,-1143.36500
16950000,-1143.13000
16960000,-1148.89600
16970000,-1149.66100
16980000,-1151.42700
16990000,-1150.19300
17000000,-1146.95800
17010000,-1142.72400
17020000,-1145.49000
17030000,-1145.25500
17040000,-1145.02100
17050000,-1145.78600
17060000,-1143.55200
17070000,-1147.31800
17080000,-1146.08300
17090000,-1146.84900
17100000,-1151.61500
17110000,-1151.38000
17120000,-1154.14600
17130000,-1155.91100
17140000,-1151.67700
17150000,-1153.44300
17160000,-1154.20800
17170000,-1156.97400
17180000,-1154.74000
17190000,-1155.50500
17200000,-1159.27100
17210000,-1162.03600
17220000,-1162.80200
17230000,-1162.56800
17240000,-1162.33300
17250000,-1164.09900
17260000,-1164.86500
17270000,-1163.63000
17280000,-1167.39600
17290000,-1163.16100
17300000,-1167.92700
17310000,-1169.69300
17320000,-1174.45800
17330000,-1169.22400
17340000,-1166.99000
17350000,-1157.75500
17360000,-1158.52100
17370000,-1161.28600
17380000,-1157.05200
17390000,-1159.81800
17400000,-1163.58300
17410000,-1164.34900
17420000,-1168.11500
17430000,-1170.88000
17440000,-1170.64600
17450000,-1175.41100
17460000,-1175.17700
17470000,-1173.94300
17480000,-1173.70800
17490000,-1176.47400
17500000,-1174.24000
17510000,-1176.00500
17520000,-1177.77100
17530000,-1183.53600
17540000,-1184.30200
17550000,-1188.06800
17560000,-1187.83300
17570000,-1191.59900
17580000,-1195.36500
17590000,-1197.13000
17600000,-1198.89600
17610000,-1198.66100
17620000,-1202.42700
17630000,-1205.19300
17640000,-1208.95800
17650000,-1199.72400
17660000,-1169.49000
17670000,-1145.25500
17680000,-1127.02100
17690000,-1131.68700
17700000,-1135.45200
17710000,-1140.21800
17720000,-1142.98400
17730000,-1144.74900
17740000,-1145.51500
17750000,-1145.28000
17760000,-1143.04600
17770000,-1142.81200
17780000,-1142.57700
17790000,-1145.34300
17800000,-1150.10900
17810000,-1150.87400
17820000,-1150.64000
17830000,-1151.40500
17840000,-1156.17100
17850000,-1155.93700
17860000,-1154.70200
17870000,-1153.46800
17880000,-1148.23400
17890000,-1143.99900
17900000,-1146.76500
17910000,-1149.53000
17920000,-1153.29600
17930000,-1155.06200
17940000,-1150.82700
17950000,-1152.59300
17960000,-1152.35900
17970000,-1154.12400
17980000,-1150.89000
17990000,-1152.65500
18000000,-1151.42100
18010000,-1151.18700
18020000,-1152.95200
18030000,-1149.71800
18040000,-1148.48400
18050000,-1147.24900
18060000,-1145.01500
18070000,-1143.78000
18080000,-1144.54600
18090000,-1146.31200
18100000,-1141.07700
18110000,-1142.84300
18120000,-1145.60900
18130000,-1148.37400
18140000,-1151.14000
18150000,-1152.90500
18160000,-1149.67100
18170000,-1154.43700
18180000,-1151.20200
18190000,-1147.96800
18200000,-1145.73400
18210000,-1144.49900
18220000,-1145.26500
18230000,-1146.03000
18240000,-1143.79600
18250000,-1146.56200
18260000,-1145.32700
18270000,-1146.09300
18280000,-1144.85900
18290000,-1142.62400
18300000,-1145.39000
18310000,-1149.15500
18320000,-1151.92100
18330000,-1155.68700
18340000,-1159.45200
18350000,-1164.21800
18360000,-1165.98400
18370000,-1166.74900
18380000,-1165.51500
18390000,-1169.28000
18400000,-1172.04600
18410000,-1171.81200
18420000,-1174.57700
18430000,-1176.34300
18440000,-1178.10900
18450000,-1179.87400
18460000,-1182.64000
18470000,-1183.40500
18480000,-1183.17100
18490000,-1176.93700
18500000,-1177.70200
18510000,-1177.46800
18520000,-1175.23400
18530000,-1173.99900
18540000,-1171.76500
18550000,-1171.53000
18560000,-1168.29600
18570000,-1169.06200
18580000,-1168.82700
18590000,-1164.59300
18600000,-1167.35900
18610000,-1165.12400
18620000,-1164.89000
18630000,-1167.65500
18640000,-1169.42100
18650000,-1168.18700
18660000,-1167.95200
18670000,-1165.71800
18680000,-1165.48400
18690000,-1167.24900
18700000,-1170.01500
18710000,-1166.78000
18720000,-1161.54600
18730000,-1162.31200
18740000,-1163.07700
18750000,-1164.84300
18760000,-1162.60900
18770000,-1161.37400
18780000,-1160.14000
18790000,-1160.90500
18800000,-1158.67100
18810000,-1162.43700
18820000,-1162.20200
18830000,-1163.96800
18840000,-1162.73400
18850000,-1165.49900
18860000,-1165.26500
18870000,-1161.03000
18880000,-1158.79600
18890000,-1160.56200
18900000,-1162.32700
18910000,-1161.09300
18920000,-1157.85900
18930000,-1159.62400
18940000,-1159.39000
18950000,-1157.15500
18960000,-1158.92100
18970000,-1159.68700
18980000,-1157.45200
18990000,-1157.21800
19000000,-1158.98400
19010000,-1156.74900
19020000,-1160.51500
19030000,-1159.28000
19040000,-1157.04600
19050000,-1158.81200
19060000,-1160.57700
19070000,-1161.34300
19080000,-1164.10900
19090000,-1163.87400
19100000,-1161.64000
19110000,-1161.40500
19120000,-1161.17100
19130000,-1163.93700
19140000,-1164.70200
19150000,-1164.46800
19160000,-1149.23400
19170000,-1128.99900
19180000,-1129.76500
19190000,-1129.53000
19200000,-1133.29600
19210000,-1135.06200
19220000,-1132.82700
19230000,-1131.59300
19240000,-1130.35900
19250000,-1135.12400
19260000,-1135.89000
19270000,-1137.65500
19280000,-1136.42100
19290000,-1140.18700
19300000,-1139.95200
19310000,-1141.71800
19320000,-1141.48400
19330000,-1141.24900
19340000,-1141.01500
19350000,-1138.78000
19360000,-1140.54600
19370000,-1143.31200
19380000,-1144.07700
19390000,-1141.84300
19400000,-1136.60900
19410000,-1135.37400
19420000,-1135.14000
19430000,-1133.90500
19440000,-1130.67100
19450000,-1130.43700
19460000,-1132.20200
19470000,-1134.96800
19480000,-1139.73400
19490000,-1137.49900
19500000,-1140.26500
19510000,-1142.03000
19520000,-1143.79600
19530000,-1148.56200
19540000,-1151.32700
19550000,-1150.09300
19560000,-1151.85900
19570000,-1155.62400
19580000,-1155.39000
19590000,-1154.15500
19600000,-1155.92100
19610000,-1154.68700
19620000,-1157.45200
19630000,-1157.21800
19640000,-1154.98400
19650000,-1154.74900
19660000,-1152.51500
19670000,-1153.28000
19680000,-1152.04600
19690000,-1152.81200
19700000,-1156.57700
19710000,-1159.34300
19720000,-1163.10900
19730000,-1164.87400
19740000,-1167.64000
19750000,-1165.40500
19760000,-1166.17100
19770000,-1164.93700
19780000,-1164.70200
19790000,-1166.46800
19800000,-1169.23400
19810000,-1169.99900
19820000,-1173.76500
19830000,-1173.53000
19840000,-1176.29600
19850000,-1179.06200
19860000,-1178.82700
19870000,-1180.59300
19880000,-1181.35900
19890000,-1183.12400
19900000,-1180.89000
19910000,-1179.65500
19920000,-1181.42100
19930000,-1180.18700
19940000,-1180.95200
19950000,-1181.71800
19960000,-1185.48400
19970000,-1186.24900
19980000,-1190.01500
19990000,-1188.78000
20000000,-1187.54600
20010000,-1187.31200
20020000,-1188.07700
20030000,-1187.84300
20040000,-1189.60900
20050000,-1192.37400
20060000,-1191.14000
20070000,-1183.90500
20080000,-1183.67100
20090000,-1182.43700
20100000,-1184.20200
20110000,-1185.96800
20120000,-1185.73400
20130000,-1191.49900
20140000,-1191.26500
20150000,-1190.03000
20160000,-1186.79600
20170000,-1188.56200
20180000,-1187.32700
20190000,-1179.09300
20200000,-1180.85900
20210000,-1176.62400
20220000,-1178.39000
20230000,-1181.15500
20240000,-1181.92100
20250000,-1182.68700
20260000,-1182.45200
20270000,-1185.21800
20280000,-1186.98400
20290000,-1188.74900
20300000,-1192.51500
20310000,-1194.28000
20320000,-1194.04600
20330000,-1193.81200
20340000,-1197.57700
20350000,-1201.34300
20360000,-1203.10900
20370000,-1201.87400
20380000,-1198.64000
20390000,-1199.40500
20400000,-1195.17100
20410000,-1194.93700
20420000,-1193.70200
20430000,-1194.46800
20440000,-1195.23400
20450000,-1194.99900
20460000,-1195.76500
20470000,-1198.53000
20480000,-1200.29600
20490000,-1201.06200
20500000,-1198.82700
20510000,-1198.59300
20520000,-1198.35900
20530000,-1201.12400
20540000,-1194.89000
20550000,-1195.65500
20560000,-1197.42100
20570000,-1198.18700
20580000,-1199.95200
20590000,-1197.71800
20600000,-1192.48400
20610000,-1195.24900
20620000,-1196.01500
20630000,-1194.78000
20640000,-1197.54600
20650000,-1195.31200
20660000,-1197.07700
20670000,-1199.84300
20680000,-1200.60900
20690000,-1202.37400
20700000,-1204.14000
20710000,-1202.90500
20720000,-1201.67100
20730000,-1202.43700
20740000,-1203.20200
20750000,-1202.96800
20760000,-1204.73400
20770000,-1207.49900
20780000,-1209.26500
20790000,-1214.03000
20800000,-1206.79600
20810000,-1208.56200
20820000,-1209.32700
20830000,-1209.09300
20840000,-1211.85900
20850000,-1216.62400
20860000,-1218.39000
20870000,-1217.15500
20880000,-1219.92100
20890000,-1221.68700
20900000,-1222.45200
20910000,-1224.21800
20920000,-1227.98400
20930000,-1231.74900
20940000,-1232.51500
20950000,-1233.28000
20960000,-1236.04600
20970000,-1232.81200
20980000,-1230.57700
20990000,-1229.34300
21000000,-1230.10900
21010000,-1230.87400
21020000,-1229.64000
21030000,-1227.40500
21040000,-1230.17100
21050000,-1233.93700
21060000,-1235.70200
21070000,-1235.46800
21080000,-1237.23400
21090000,-1239.99900
21100000,-1240.76500
21110000,-1237.53000
21120000,-1242.29600
21130000,-1244.06200
21140000,-1244.82700
21150000,-1246.59300
21160000,-1248.35900
21170000,-1250.12400
21180000,-1251.89000
21190000,-1252.65500
21200000,-1252.42100
21210000,-1252.18700
21220000,-1252.95200
21230000,-1256.71800
21240000,-1256.48400
21250000,-1258.24900
21260000,-1262.01500
21270000,-1260.78000
21280000,-1258.54600
21290000,-1262.31200
21300000,-1266.07700
21310000,-1269.84300
21320000,-1269.60900
21330000,-1272.37400
21340000,-1267.14000
21350000,-1261.90500
21360000,-1264.67100
21370000,-1267.43700
21380000,-1271.20200
21390000,-1270.96800
21400000,-1272.73400
21410000,-1275.49900
21420000,-1279.26500
21430000,-1280.03000
21440000,-1278.79600
21450000,-1278.56200
21460000,-1278.32700
21470000,-1278.09300
21480000,-1274.85900
21490000,-1275.62400
21500000,-1276.39000
21510000,-1281.15500
21520000,-1275.92100
21530000,-1276.68700
21540000,-1279.45200
21550000,-1281.21800
21560000,-1277.98400
21570000,-1281.74900
21580000,-1281.51500
21590000,-1282.28000
21600000,-1285.04600
21610000,-1284.81200
21620000,-1284.57700
21630000,-1289.34300
21640000,-1287.10900
21650000,-1292.87400
21660000,-1289.64000
21670000,-1288.40500
21680000,-1290.17100
21690000,-1290.93700
21700000,-1295.70200
21710000,-1294.46800
21720000,-1295.23400
21730000,-1296.99900
21740000,-1300.76500
21750000,-1300.53000
21760000,-1304.29600
21770000,-1309.06200
21780000,-1312.82700
21790000,-1313.59300
21800000,-1317.35900
21810000,-1318.12400
21820000,-1318.89000
21830000,-1322.65500
21840000,-1326.42100
21850000,-1323.18700
21860000,-1325.95200
21870000,-1321.71800
21880000,-1323.48400
21890000,-1323.24900
21900000,-1327.01500
21910000,-1332.78000
21920000,-1331.54600
21930000,-1330.31200
21940000,-1331.07700
21950000,-1327.84300
21960000,-1329.60900
21970000,-1331.37400
21980000,-1333.14000
21990000,-1336.90500
22000000,-1339.67100
22010000,-1339.43700
22020000,-1343.20200
22030000,-1347.96800
22040000,-1350.73400
22050000,-1349.49900
22060000,-1350.26500
22070000,-1353.03000
22080000,-1356.79600
22090000,-1360.56200
22100000,-1364.32700
22110000,-1364.09300
22120000,-1366.85900
22130000,-1369.62400
22140000,-1367.39000
22150000,-1370.15500
22160000,-1369.92100
22170000,-1367.68700
22180000,-1372.45200
22190000,-1374.21800
22200000,-1369.98400
22210000,-1371.74900
22220000,-1375.51500
22230000,-1377.28000
22240000,-1380.04600
22250000,-1380.81200
22260000,-1382.57700
22270000,-1384.34300
22280000,-1386.10900
22290000,-1385.87400
22300000,-1386.64000
22310000,-1387.40500
22320000,-1390.17100
22330000,-1391.93700
22340000,-1396.70200
22350000,-1400.46800
22360000,-1404.23400
22370000,-1404.99900
22380000,-1402.76500
22390000,-1404.53000
22400000,-1407.29600
22410000,-1411.06200
22420000,-1409.82700
22430000,-1413.59300
22440000,-1414.35900
22450000,-1418.12400
22460000,-1419.89000
22470000,-1418.65500
22480000,-1416.42100
22490000,-1420.18700
22500000,-1420.95200
22510000,-1425.71800
22520000,-1428.48400
22530000,-1426.24900
22540000,-1428.01500
22550000,-1429.78000
22560000,-1433.54600
22570000,-1435.31200
22580000,-1431.07700
22590000,-1435.84300
22600000,-1437.60900
22610000,-1436.37400
22620000,-1436.14000
22630000,-1437.90500
22640000,-1440.67100
22650000,-1442.43700
22660000,-1446.20200
22670000,-1447.96800
22680000,-1449.73400
22690000,-1448.49900
22700000,-1446.26500
22710000,-1444.03000
22720000,-1442.79600
22730000,-1443.56200
22740000,-1446.32700
22750000,-1443.09300
22760000,-1441.85900
22770000,-1444.62400
22780000,-1445.39000
22790000,-1449.15500
22800000,-1452.92100
22810000,-1456.68700
22820000,-1454.45200
22830000,-1451.21800
22840000,-1453.98400
22850000,-1454.74900
22860000,-1454.51500
22870000,-1458.28000
22880000,-1460.04600
22890000,-1462.81200
22900000,-1458.57700
22910000,-1461.34300
22920000,-1464.10900
22930000,-1461.87400
22940000,-1458.64000
22950000,-1462.40500
22960000,-1463.17100
22970000,-1459.93700
22980000,-1463.70200
22990000,-1459.46800
23000000,-1459.23400
23010000,-1458.99900
23020000,-1463.76500
23030000,-1467.53000
23040000,-1466.29600
23050000,-1469.06200
23060000,-1470.82700
23070000,-1470.59300
23080000,-1471.35900
23090000,-1468.12400
23100000,-1464.89000
23110000,-1465.65500
23120000,-1463.42100
23130000,-1464.18700
23140000,-1465.95200
23150000,-1469.71800
23160000,-1473.48400
23170000,-1473.24900
23180000,-1475.01500
23190000,-1476.78000
23200000,-1470.54600
23210000,-1472.31200
23220000,-1474.07700
23230000,-1474.84300
23240000,-1478.60900
23250000,-1477.37400
23260000,-1470.14000
23270000,-1470.90500
23280000,-1473.67100
23290000,-1476.43700
23300000,-1476.20200
23310000,-1474.96800
23320000,-1481.73400
23330000,-1484.49900
23340000,-1485.26500
23350000,-1485.03000
23360000,-1485.79600
23370000,-1488.56200
23380000,-1489.32700
23390000,-1492.09300
23400000,-1493.85900
23410000,-1490.62400
23420000,-1492.39000
23430000,-1495.15500
23440000,-1493.92100
23450000,-1493.68700
23460000,-1489.45200
23470000,-1491.21800
23480000,-1494.98400
23490000,-1496.74900
23500000,-1497.51500
23510000,-1501.28000
23520000,-1499.04600
23530000,-1496.81200
23540000,-1498.57700
23550000,-1496.34300
23560000,-1492.10900
23570000,-1490.87400
23580000,-1494.64000
23590000,-1490.40500
23600000,-1494.17100
23610000,-1493.93700
23620000,-1496.70200
23630000,-1496.46800
23640000,-1502.23400
23650000,-1504.99900
23660000,-1501.76500
23670000,-1502.53000
23680000,-1504.29600
23690000,-1500.06200
23700000,-1498.82700
23710000,-1499.59300
23720000,-1497.35900
23730000,-1497.12400
23740000,-1499.89000
23750000,-1503.65500
23760000,-1505.42100
23770000,-1509.18700
23780000,-1512.95200
23790000,-1514.71800
23800000,-1515.48400
23810000,-1516.24900
23820000,-1517.01500
23830000,-1515.78000
23840000,-1517.54600
23850000,-1517.31200
23860000,-1522.07700
23870000,-1519.84300
23880000,-1519.60900
23890000,-1521.37400
23900000,-1525.14000
23910000,-1526.90500
23920000,-1527.67100
23930000,-1529.43700
23940000,-1531.20200
23950000,-1533.96800
23960000,-1534.73400
23970000,-1532.49900
23980000,-1528.26500
23990000,-1531.03000
24000000,-1532.79600
24010000,-1535.56200
24020000,-1532.32700
24030000,-1533.09300
24040000,-1534.85900
24050000,-1533.62400
24060000,-1535.39000
24070000,-1533.15500
24080000,-1533.92100
24090000,-1536.68700
24100000,-1536.45200
24110000,-1536.21800
24120000,-1533.98400
24130000,-1539.74900
24140000,-1534.51500
24150000,-1535.28000
24160000,-1536.04600
24170000,-1537.81200
24180000,-1538.57700
24190000,-1540.34300
24200000,-1543.10900
24210000,-1542.87400
24220000,-1540.64000
24230000,-1539.40500
24240000,-1542.17100
24250000,-1539.93700
24260000,-1538.70200
24270000,-1538.46800
24280000,-1538.23400
24290000,-1540.99900
24300000,-1541.76500
24310000,-1540.53000
24320000,-1544.29600
24330000,-1547.06200
24340000,-1550.82700
24350000,-1549.59300
24360000,-1549.35900
24370000,-1550.12400
24380000,-1551.89000
24390000,-1551.65500
24400000,-1552.42100
24410000,-1551.18700
24420000,-1549.95200
24430000,-1553.71800
24440000,-1551.48400
24450000,-1554.24900
24460000,-1557.01500
24470000,-1554.78000
24480000,-1557.54600
24490000,-1559.31200
24500000,-1564.07700
24510000,-1565.84300
24520000,-1565.60900
24530000,-1569.37400
24540000,-1570.14000
24550000,-1571.90500
24560000,-1575.67100
24570000,-1578.43700
24580000,-1576.20200
24590000,-1574.96800
24600000,-1574.73400
24610000,-1578.49900
24620000,-1579.26500
24630000,-1579.03000
24640000,-1579.79600
24650000,-1581.56200
24660000,-1584.32700
24670000,-1589.09300
24680000,-1588.85900
24690000,-1590.62400
24700000,-1590.39000
24710000,-1593.15500
24720000,-1593.92100
24730000,-1594.68700
24740000,-1596.45200
24750000,-1595.21800
24760000,-1595.98400
24770000,-1594.74900
24780000,-1598.51500
24790000,-1600.28000
24800000,-1602.04600
24810000,-1601.81200
24820000,-1605.57700
24830000,-1607.34300
24840000,-1609.10900
24850000,-1609.87400
24860000,-1605.64000
24870000,-1606.40500
24880000,-1601.17100
24890000,-1602.93700
24900000,-1604.70200
24910000,-1606.46800
24920000,-1610.23400
24930000,-1613.99900
24940000,-1612.76500
24950000,-1614.53000
24960000,-1615.29600
24970000,-1612.06200
24980000,-1610.82700
24990000,-1613.59300
25000000,-1617.35900
25010000,-1619.12400
25020000,-1615.89000
25030000,-1620.65500
25040000,-1623.42100
25050000,-1622.18700
25060000,-1619.95200
25070000,-1619.71800
25080000,-1621.48400
25090000,-1624.24900
25100000,-1627.01500
25110000,-1630.78000
25120000,-1628.54600
25130000,-1629.31200
25140000,-1634.07700
25150000,-1628.84300
25160000,-1629.60900
25170000,-1628.37400
25180000,-1629.14000
25190000,-1630.90500
25200000,-1627.67100
25210000,-1629.43700
25220000,-1626.20200
25230000,-1629.96800
25240000,-1632.73400
25250000,-1631.49900
25260000,-1630.26500
25270000,-1634.03000
25280000,-1631.79600
25290000,-1634.56200
25300000,-1633.32700
25310000,-1635.09300
25320000,-1632.85900
25330000,-1632.62400
25340000,-1634.39000
25350000,-1632.15500
25360000,-1631.92100
25370000,-1634.68700
25380000,-1637.45200
25390000,-1633.21800
25400000,-1633.98400
25410000,-1629.74900
25420000,-1624.51500
25430000,-1628.28000
25440000,-1630.04600
25450000,-1630.81200
25460000,-1633.57700
25470000,-1632.34300
25480000,-1634.10900
25490000,-1631.87400
25500000,-1633.64000
25510000,-1633.40500
25520000,-1632.17100
25530000,-1637.93700
25540000,-1641.70200
25550000,-1643.46800
25560000,-1638.23400
25570000,-1633.99900
25580000,-1629.76500
25590000,-1634.53000
25600000,-1635.29600
25610000,-1635.06200
25620000,-1632.82700
25630000,-1632.59300
25640000,-1632.35900
25650000,-1634.12400
25660000,-1635.89000
25670000,-1635.65500
25680000,-1636.42100
25690000,-1636.18700
25700000,-1635.95200
25710000,-1637.71800
25720000,-1640.48400
25730000,-1637.24900
25740000,-1636.01500
25750000,-1636.78000
25760000,-1635.54600
25770000,-1638.31200
25780000,-1638.07700
25790000,-1637.84300
25800000,-1641.60900
25810000,-1640.37400
25820000,-1642.14000
25830000,-1638.90500
25840000,-1636.67100
25850000,-1640.43700
25860000,-1637.20200
25870000,-1638.96800
25880000,-1639.73400
25890000,-1641.49900
25900000,-1636.26500
25910000,-1634.03000
25920000,-1636.79600
25930000,-1635.56200
25940000,-1637.32700
25950000,-1637.09300
25960000,-1640.85900
25970000,-1644.62400
25980000,-1648.39000
25990000,-1650.15500
26000000,-1653.92100
26010000,-1654.68700
26020000,-1656.45200
26030000,-1654.21800
26040000,-1659.98400
26050000,-1659.74900
26060000,-1660.51500
26070000,-1663.28000
26080000,-1663.04600
26090000,-1664.81200
26100000,-1664.57700
26110000,-1667.34300
26120000,-1670.10900
26130000,-1673.87400
26140000,-1674.64000
26150000,-1676.40500
26160000,-1679.17100
26170000,-1676.93700
26180000,-1674.70200
26190000,-1672.46800
26200000,-1673.23400
26210000,-1673.99900
26220000,-1669.76500
26230000,-1669.53000
26240000,-1667.29600
26250000,-1670.06200
26260000,-1668.82700
26270000,-1669.59300
26280000,-1670.35900
26290000,-1671.12400
26300000,-1673.89000
26310000,-1675.65500
26320000,-1680.42100
26330000,-1683.18700
26340000,-1685.95200
26350000,-1683.71800
26360000,-1683.48400
26370000,-1686.24900
26380000,-1688.01500
26390000,-1691.78000
26400000,-1694.54600
26410000,-1700.31200
26420000,-1705.07700
26430000,-1705.84300
26440000,-1705.60900
26450000,-1708.37400
26460000,-1709.14000
26470000,-1711.90500
26480000,-1712.67100
26490000,-1712.43700
26500000,-1711.20200
26510000,-1711.96800
26520000,-1713.73400
26530000,-1716.49900
26540000,-1715.26500
26550000,-1707.03000
26560000,-1706.79600
26570000,-1709.56200
26580000,-1707.32700
26590000,-1711.09300
26600000,-1708.85900
26610000,-1712.62400
26620000,-1714.39000
26630000,-1719.15500
26640000,-1716.92100
26650000,-1717.68700
26660000,-1718.45200
26670000,-1720.21800
26680000,-1720.98400
26690000,-1725.74900
26700000,-1727.51500
26710000,-1728.28000
26720000,-1732.04600
26730000,-1730.81200
26740000,-1727.57700
26750000,-1729.34300
26760000,-1730.10900
26770000,-1730.87400
26780000,-1727.64000
26790000,-1729.40500
26800000,-1734.17100
26810000,-1736.93700
26820000,-1737.70200
26830000,-1738.46800
26840000,-1740.23400
26850000,-1737.99900
26860000,-1737.76500
26870000,-1738.53000
26880000,-1738.29600
26890000,-1740.06200
26900000,-1742.82700
26910000,-1744.59300
26920000,-1748.35900
26930000,-1752.12400
26940000,-1754.89000
26950000,-1756.65500
26960000,-1756.42100
26970000,-1754.18700
26980000,-1753.95200
26990000,-1755.71800
27000000,-1757.48400
27010000,-1756.24900
27020000,-1759.01500
27030000,-1755.78000
27040000,-1757.54600
27050000,-1761.31200
27060000,-1761.07700
27070000,-1765.84300
27080000,-1767.60900
27090000,-1764.37400
27100000,-1762.14000
27110000,-1762.90500
27120000,-1762.67100
27130000,-1761.43700
27140000,-1757.20200
27150000,-1757.96800
27160000,-1761.73400
27170000,-1763.49900
27180000,-1763.26500
27190000,-1766.03000
27200000,-1767.79600
27210000,-1766.56200
27220000,-1767.32700
27230000,-1770.09300
27240000,-1769.85900
27250000,-1774.62400
27260000,-1775.39000
27270000,-1773.15500
27280000,-1776.92100
27290000,-1779.68700
27300000,-1783.45200
27310000,-1788.21800
27320000,-1786.98400
27330000,-1784.74900
27340000,-1786.51500
27350000,-1785.28000
27360000,-1788.04600
27370000,-1788.81200
27380000,-1791.57700
27390000,-1794.34300
27400000,-1794.10900
27410000,-1795.87400
27420000,-1795.64000
27430000,-1791.40500
27440000,-1794.17100
27450000,-1793.93700
27460000,-1797.70200
27470000,-1800.46800
27480000,-1801.23400
27490000,-1804.99900
27500000,-1805.76500
27510000,-1806.53000
27520000,-1807.29600
27530000,-1808.06200
27540000,-1810.82700
27550000,-1811.59300
27560000,-1815.35900
27570000,-1818.12400
27580000,-1817.89000
27590000,-1818.65500
27600000,-1819.42100
27610000,-1823.18700
27620000,-1821.95200
27630000,-1823.71800
27640000,-1827.48400
27650000,-1826.24900
27660000,-1822.01500
27670000,-1817.78000
27680000,-1812.54600
27690000,-1813.31200
27700000,-1809.07700
27710000,-1810.84300
27720000,-1810.60900
27730000,-1810.37400
27740000,-1813.14000
27750000,-1813.90500
27760000,-1815.67100
27770000,-1817.43700
27780000,-1815.20200
27790000,-1817.96800
27800000,-1819.73400
27810000,-1818.49900
27820000,-1816.26500
27830000,-1815.03000
27840000,-1816.79600
27850000,-1819.56200
27860000,-1823.32700
27870000,-1819.09300
27880000,-1818.85900
27890000,-1820.62400
27900000,-1824.39000
27910000,-1822.15500
27920000,-1821.92100
27930000,-1823.68700
27940000,-1820.45200
27950000,-1818.21800
27960000,-1814.98400
27970000,-1812.74900
27980000,-1817.51500
27990000,-1815.28000
28000000,-1820.04600
28010000,-1817.81200
28020000,-1817.57700
28030000,-1819.34300
28040000,-1821.10900
28050000,-1822.87400
28060000,-1821.64000
28070000,-1821.40500
28080000,-1821.17100
28090000,-1821.93700
28100000,-1824.70200
28110000,-1819.46800
28120000,-1817.23400
28130000,-1820.99900
28140000,-1819.76500
28150000,-1818.53000
28160000,-1821.29600
28170000,-1823.06200
28180000,-1819.82700
28190000,-1818.59300
28200000,-1820.35900
28210000,-1824.12400
28220000,-1825.89000
28230000,-1826.65500
28240000,-1828.42100
28250000,-1827.18700
28260000,-1830.95200
28270000,-1833.71800
28280000,-1831.48400
28290000,-1832.24900
28300000,-1832.01500
28310000,-1835.78000
28320000,-1836.54600
28330000,-1839.31200
28340000,-1840.07700
28350000,-1841.84300
28360000,-1841.60900
28370000,-1844.37400
28380000,-1846.14000
28390000,-1846.90500
28400000,-1848.67100
28410000,-1850.43700
28420000,-1856.20200
28430000,-1856.96800
28440000,-1857.73400
28450000,-1862.49900
28460000,-1861.26500
28470000,-1865.03000
28480000,-1866.79600
28490000,-1869.56200
28500000,-1876.32700
28510000,-1873.09300
28520000,-1874.85900
28530000,-1873.62400
28540000,-1878.39000
28550000,-1881.15500
28560000,-1883.92100
28570000,-1887.68700
28580000,-1886.45200
28590000,-1891.21800
28600000,-1891.98400
28610000,-1891.74900
28620000,-1893.51500
28630000,-1897.28000
28640000,-1895.04600
28650000,-1895.81200
28660000,-1898.57700
28670000,-1903.34300
28680000,-1897.10900
28690000,-1877.87400
28700000,-1881.64000
28710000,-1881.40500
28720000,-1872.17100
28730000,-1868.93700
